uid,tenant_id,table_name,display_name,availability,properties,created_by,date_created,date_modified,modified_by
99282a1c31a3418b961fef8befda3514,0,mastercustomergroup,,[],"{""Availability"":""EXPORT"",""Group"":""BI"",""Type"":""Transient"",""ShareName"":""A1SF_SHARE_\u003cenv_id\u003e_\u003ctenant_id\u003e"",""ShareEnabled"":""false""}",system,2022-06-22 21:55,2024-06-25 21:09,system
35f39b4a-606a-4308-a34d-637c4dfff257,1080,customersummary,,,"{""ShareEnabled"":""true""}",system,2022-08-30 21:37,,
44850ec9-5968-49ea-829e-538e46840d9e,1080,mastercustomer,,,"{""ShareEnabled"":""true""}",system,2022-08-30 21:37,,
98576919-dc54-4ec4-ac00-ca4bd9d01e1c,1067,audiencehistory,,,"{""ShareEnabled"":""true""}",system,2022-08-30 21:38,,
696e0fd9-1f43-11ed-afba-4201ac1b0fca,1023,c_shoprunner,,,"{""Group"":""DW"",""Type"":""Permanent""}",system,2022-08-18 22:16,2023-03-06 09:11,
696e114f-1f43-11ed-afba-4201ac1b0fca,1086,c_customerappend,,,"{""Group"":""DW"",""ShareEnabled"":""true"",""ShareName"":""A1SF_SHARE_u003cenv_idu003e_u003ctenant_idu003e"",""Type"":""Permanent""}",system,2022-08-18 22:16,2023-01-31 07:45,
7a929f6e-2010-4c62-839f-137457b4d99e,1086,audiencehistory,,,"{""ShareEnabled"":""true""}",system,2022-08-30 21:39,,
fba7e22f78b8472c9408172a92041b3d,0,temp_coupon,,[],"{""Group"":""Unknown"",""Type"":""Transient"",""ShareName"":""A1SF_SHARE_\u003cenv_id\u003e_\u003ctenant_id\u003e"",""ShareEnabled"":""false""}",system,2022-06-22 21:55,2024-06-25 21:09,system
fceb2986-7422-46b0-88be-2e1beea4e044,1033,customerfirsttransactionproductcategory,,,"{""ShareEnabled"":""true""}",system,2022-08-30 21:37,,
969dece2-a0ff-45b6-9cc7-9862ad30b2bd,1071,mastercustomer,,,"{""ShareEnabled"":""true""}",system,2022-08-30 21:39,,
444b76842c364e5f982dbd14649ade4d,0,event,,[],"{""Immutable"":""true"",""Availability"":""CONTENT"",""Group"":""DW"",""Type"":""Permanent"",""TimeTravelRetentionInDays"":""90"",""ShareName"":""A1SF_SHARE_\u003cenv_id\u003e_\u003ctenant_id\u003e"",""PartitionType"":""TIMESTAMP"",""ShareEnabled"":""false""}",system,2022-06-22 21:55,2024-06-25 21:09,system
696e11c0-1f43-11ed-afba-4201ac1b0fca,10173,c_countrymap,Country Map,null,"{""Group"":""DW"",""Type"":""Permanent""}",system,2022-08-18 22:16,2022-08-18 22:16,system
2254bf82-3d40-4944-ae13-483b2ece0488,1089,customeraddressxref,,,"{""ShareEnabled"":""true""}",system,2022-08-30 21:36,,
f8212676-c66d-41b0-9a90-e7f10aecc89e,1080,customerfirsttransactionproductcategory,,,"{""ShareEnabled"":""true""}",system,2022-08-30 21:37,,
6d62fed4-1c98-47ca-932e-d7a55b7a9e07,1071,ml_out_meta_likelihood_evaluation,,,"{""ShareEnabled"":""true""}",system,2022-08-30 21:39,,
857274e2e5104a48888ce8350dd58543,10175,c_breadfinancial,,,"{""Group"":""DW"",""Type"":""Permanent""}",corina.demeo@acquia.com,2023-05-18 21:40,2023-05-18 22:33,
5d48e05d-1f43-11ed-afba-4201ac1b0fca,0,promotionsummary,Promotion Summary,[],"{""Group"":""Unknown"",""Type"":""Transient""}",system,2022-08-18 22:16,2022-08-18 22:16,system
c3188b24-43ba-4984-b260-b2dceda643d6,1033,ml_out_meta_likelihood_evaluation_metrics,,,"{""ShareEnabled"":""true""}",system,2022-08-30 21:37,,
aa7d6530-7eea-47e4-8d20-0fb2ccba180d,1071,audiencehistory,,,"{""ShareEnabled"":""true""}",system,2022-08-30 21:39,,
e4e0c3c722f84e9896738c088dedd666,0,customerlasttransactionproductcategory,,[],"{""Group"":""BI"",""Type"":""Transient"",""ShareName"":""A1SF_SHARE_\u003cenv_id\u003e_\u003ctenant_id\u003e"",""ShareEnabled"":""false""}",system,2022-06-22 21:55,2024-06-25 21:09,system
5b3db25e-6ac0-4c77-8ebb-a7a7275a04cc,1071,ml_out_meta_regression_evaluation_metrics,,,"{""ShareEnabled"":""true""}",system,2022-08-30 21:39,,
c8a79754a33448e4b673df8a58dc3513,0,transactionmessagexrefhousehold,,[],"{""Group"":""BI"",""Type"":""Transient"",""ShareName"":""A1SF_SHARE_\u003cenv_id\u003e_\u003ctenant_id\u003e"",""ShareEnabled"":""false""}",system,2022-06-22 21:55,2024-06-25 21:09,system
2fdd5451055646f7a9c104178cd940d1,0,mlcluster,,[],"{""Availability"":""ML"",""Group"":""Unknown"",""Type"":""Transient"",""ShareName"":""A1SF_SHARE_\u003cenv_id\u003e_\u003ctenant_id\u003e"",""ShareEnabled"":""false""}",system,2022-06-22 21:55,2024-06-25 21:09,system
aec52bef-9f58-4a77-ab0b-a1ba1758d3aa,1080,customeraddressxref,,,"{""ShareEnabled"":""true""}",system,2022-08-30 21:37,,
f8ad2dcc-b894-4b9c-8e28-85eb1a0fe131,1080,ml_out_meta_clustering_evaluation,,,"{""ShareEnabled"":""true""}",system,2022-08-30 21:37,,
22c4e6f9b9c44296ae22029bd643d468,10180,address,,,"{""ShareEnabled"":""true""}",system,2023-01-10 09:19,2023-01-10 09:19,system
52be5f6ec8e9408bb79fddbe38e33a3b,0,ml_out_meta_regression_evaluation_metrics,,[],"{""Availability"":""CUBE,EXPORT"",""Group"":""ML"",""Type"":""Transient"",""ShareName"":""A1SF_SHARE_\u003cenv_id\u003e_\u003ctenant_id\u003e"",""ShareEnabled"":""false""}",system,2022-06-22 21:55,2024-06-25 21:09,system
696e1141-1f43-11ed-afba-4201ac1b0fca,1076,c_transactiontender,Transaction Tender,null,"{""Group"":""DW"",""ShareName"":""A1SF_SHARE_u003cenv_idu003e_u003ctenant_idu003e"",""Type"":""Permanent"",""ShareEnabled"":""true""}",system,2022-08-18 22:16,2022-08-30 21:36,system
3cdf354112e244068c4c994110d00354,10169,c_pricetype,,,"{""Group"":""DW"",""Type"":""Permanent""}",corina.demeo@acquia.com,2023-06-07 17:36,2023-10-18 07:10,
17fb2d7c-02f2-11ed-afba-4201ac1b0fca,465,c_customentity,Custom Entity,null,"{""Group"":""Unknown"",""Type"":""Transient""}",system,2022-07-13 21:23,2022-07-13 21:23,system
0a6cd1d4-8269-4963-aeca-d14a0e67736c,1067,customeraddressxref,,,"{""ShareEnabled"":""true""}",system,2022-08-30 21:38,,
6b000f2d43f445c1900cca31e1f6ce9a,0,mlproductcategoryclusteringinput,,[],"{""Availability"":""ML"",""Group"":""Unknown"",""Type"":""Transient"",""ShareName"":""A1SF_SHARE_\u003cenv_id\u003e_\u003ctenant_id\u003e"",""ShareEnabled"":""false""}",system,2022-06-22 21:55,2024-06-25 21:09,system
696e10bc-1f43-11ed-afba-4201ac1b0fca,1038,c_bin,Bin,null,"{""Group"":""DW"",""ShareName"":""A1SF_SHARE_u003cenv_idu003e_u003ctenant_idu003e"",""Type"":""Permanent"",""ShareEnabled"":""true""}",system,2022-08-18 22:16,2022-08-30 21:38,system
75381caa-2b8c-4e5d-aa48-f5d49cb8e18a,1080,productcategorysummary,,,"{""ShareEnabled"":""true""}",system,2022-08-30 21:37,,
a841307e-4611-448d-9ad5-14050ac26eac,1086,productcategorysummary,,,"{""ShareEnabled"":""true""}",system,2022-08-30 21:39,,
c05065b9-2200-48f1-b601-632a72b5eb67,1086,timesummary,,,"{""ShareEnabled"":""true""}",system,2022-08-30 21:39,,
ea7e60c118d5415d943bed2609d29db6,10175,transactionpaymentmethodxref,,,"{""ShareEnabled"":""true""}",system,2022-09-30 05:04,2023-01-26 08:44,
6aa3d984-5752-4fbe-b50b-0de2adc2e5a5,1076,transactionitemmessagexref,,,"{""ShareEnabled"":""true""}",system,2022-08-30 21:36,,
1cc44862-73a5-41b6-816b-13501e5b7bac,1031,audiencehistory,,,"{""ShareEnabled"":""true""}",system,2022-08-30 21:37,,
d0bfd14e-e111-4ff7-9345-5de2c46d991e,1071,organizationsummary,,,"{""ShareEnabled"":""true""}",system,2022-08-30 21:39,,
1723ff8b1b704dd8865d59b669228b38,0,transactionsummary,,[],"{""Immutable"":""true"",""Availability"":""SUMMARY,CONTENT"",""Group"":""BI"",""Type"":""Transient"",""ShareName"":""A1SF_SHARE_\u003cenv_id\u003e_\u003ctenant_id\u003e"",""PartitionType"":""TIMESTAMP"",""ShareEnabled"":""false""}",system,2022-06-22 21:55,2024-06-25 21:09,system
8401fda6-327e-4ec2-85a7-8aea2c53bcef,10169,productcategoryxref,,,"{""ShareEnabled"":""true""}",system,2022-08-30 21:37,,
706f3c1a-b75b-449d-8401-c8dd013ac4fa,1067,ml_out_meta_clustering_evaluation,,,"{""ShareEnabled"":""true""}",system,2022-08-30 21:38,,
0b21c6b8-4c85-4684-9aa1-cc10f51a117a,1038,timesummary,,,"{""ShareEnabled"":""true""}",system,2022-08-30 21:38,,
d352d8c651244b82ad27fcf6945bee75,0,holidays,,[],"{""Group"":""DW"",""Type"":""Permanent"",""TimeTravelRetentionInDays"":""90"",""ShareName"":""A1SF_SHARE_\u003cenv_id\u003e_\u003ctenant_id\u003e"",""ShareEnabled"":""false""}",system,2022-06-22 21:55,2024-06-25 21:09,system
e44fc289b77542cca6da4ab8e19158fe,0,ml_out_meta_regression_evaluation,,[],"{""Availability"":""CUBE,EXPORT"",""Group"":""ML"",""Type"":""Transient"",""ShareName"":""A1SF_SHARE_\u003cenv_id\u003e_\u003ctenant_id\u003e"",""ShareEnabled"":""false""}",system,2022-06-22 21:55,2024-06-25 21:09,system
bdf94fcc69444c80954ce3efac2749a9,0,ml_out_mc_utoprecommendations,,[],"{""Availability"":""CONTENT,ML"",""Group"":""ML"",""Type"":""Transient"",""ShareName"":""A1SF_SHARE_\u003cenv_id\u003e_\u003ctenant_id\u003e"",""PartitionType"":""MARKED_COL"",""ShareEnabled"":""false""}",system,2022-06-22 21:55,2024-06-25 21:09,system
e7d4d6c6a49040e591e03050a2ffae31,0,productcategoryxref,,[],"{""Availability"":""EXPORT"",""Group"":""DW"",""Type"":""Permanent"",""TimeTravelRetentionInDays"":""90"",""ShareName"":""A1SF_SHARE_\u003cenv_id\u003e_\u003ctenant_id\u003e"",""ShareEnabled"":""false""}",system,2022-06-22 21:55,2024-06-25 21:09,system
554eea829a624bc3a43203554e379b1a,0,ml_output_mastercustomer_likelihood_lte_a,,[],"{""Availability"":""ML"",""Group"":""Unknown"",""Type"":""Transient"",""ShareName"":""A1SF_SHARE_\u003cenv_id\u003e_\u003ctenant_id\u003e"",""ShareEnabled"":""false""}",system,2022-06-22 21:55,2024-06-25 21:09,system
acc2d5e4-b5ff-4170-a301-5158f46bb82c,1033,customeraddressxref,,,"{""ShareEnabled"":""true""}",system,2022-08-30 21:37,,
4e9ed071-fa09-4785-a729-5171e29d8db5,1067,timesummary,,,"{""ShareEnabled"":""true""}",system,2022-08-30 21:38,,
f850e764-7912-4692-ba18-61f33de976c3,1067,ml_out_meta_regression_evaluation_metrics,,,"{""ShareEnabled"":""true""}",system,2022-08-30 21:38,,
1078adaa-9a85-4b07-864e-825d17851ba9,1038,customerlasttransactionproductcategory,,,"{""ShareEnabled"":""true""}",system,2022-08-30 21:38,,
dfc932b7f4704fdca981e361d6a86664,0,employee,,[],"{""Group"":""DW"",""Type"":""Permanent"",""TimeTravelRetentionInDays"":""90"",""ShareName"":""A1SF_SHARE_\u003cenv_id\u003e_\u003ctenant_id\u003e"",""ShareEnabled"":""false""}",system,2022-06-22 21:55,2024-06-25 21:09,system
871f64b77823437a81db01faa374b035,0,transaction,,[],"{""Availability"":""EXPORT"",""Group"":""DW"",""Type"":""Permanent"",""TimeTravelRetentionInDays"":""90"",""ShareName"":""A1SF_SHARE_\u003cenv_id\u003e_\u003ctenant_id\u003e"",""PartitionType"":""TIMESTAMP"",""ShareEnabled"":""false""}",system,2022-06-22 21:55,2024-06-25 21:09,system
24c34774-f138-425a-b008-5393a0434605,1080,ml_out_meta_likelihood_evaluation,,,"{""ShareEnabled"":""true""}",system,2022-08-30 21:37,,
79d76494-3713-4501-b8ba-f66ae0039aa3,1033,address,,,"{""ShareEnabled"":""true""}",system,2022-08-30 21:37,2023-10-11 17:24,
bda22c73-ca65-4892-aaee-377e16924f24,1071,customerfirsttransactionproductcategory,,,"{""ShareEnabled"":""true""}",system,2022-08-30 21:39,,
696e111a-1f43-11ed-afba-4201ac1b0fca,1071,c_bin,Bin,null,"{""Group"":""DW"",""ShareName"":""A1SF_SHARE_u003cenv_idu003e_u003ctenant_idu003e"",""Type"":""Permanent"",""ShareEnabled"":""true""}",system,2022-08-18 22:16,2022-08-30 21:39,system
668a0f13-d011-4cf9-8e5b-37ad181c9de9,1033,productcategoryxref,,,"{""ShareEnabled"":""true""}",system,2022-08-30 21:37,,
95ab4498-0874-4227-8d2c-995ac8c2c805,1067,productcategoryxref,,,"{""ShareEnabled"":""true""}",system,2022-08-30 21:38,,
f88c502e-8335-47f8-89c2-77fbe279dec0,1038,productcategorysummary,,,"{""ShareEnabled"":""true""}",system,2022-08-30 21:38,,
696e1127-1f43-11ed-afba-4201ac1b0fca,1071,c_transactiontender,Transaction Tender,null,"{""Group"":""DW"",""ShareName"":""A1SF_SHARE_u003cenv_idu003e_u003ctenant_idu003e"",""Type"":""Permanent"",""ShareEnabled"":""true""}",system,2022-08-18 22:16,2022-08-30 21:39,system
92c92575-76d5-493e-959a-4341ff349622,1067,customerlasttransactionproductcategory,,,"{""ShareEnabled"":""true""}",system,2022-08-30 21:38,,
55c55b34cc7f4024ac1c80b8d2e50719,0,audiencehistory,,[],"{""Immutable"":""true"",""Group"":""Unknown"",""Type"":""Permanent"",""TimeTravelRetentionInDays"":""30"",""ShareName"":""A1SF_SHARE_\u003cenv_id\u003e_\u003ctenant_id\u003e"",""PartitionType"":""MARKED_COL"",""ShareEnabled"":""false""}",system,2022-06-22 21:55,2024-06-25 21:09,system
7aea4bd969dd43d4b090c5108058d011,10180,event,,,"{""ShareEnabled"":""true""}",system,2023-01-10 09:19,2023-01-10 09:19,system
21366f5c-8088-43d5-a028-520265dca53c,1080,ml_out_meta_regression_evaluation,,,"{""ShareEnabled"":""true""}",system,2022-08-30 21:37,,
42998ebcfd6043ff9c21ba20aa0bcdb6,0,temp_couponhistory,,[],"{""Group"":""Unknown"",""Type"":""Transient"",""ShareName"":""A1SF_SHARE_\u003cenv_id\u003e_\u003ctenant_id\u003e"",""ShareEnabled"":""false""}",system,2022-06-22 21:55,2024-06-25 21:09,system
b91359c6-9935-4e17-b5ff-48d6e96a92ac,1033,productcategorysummary,,,"{""ShareEnabled"":""true""}",system,2022-08-30 21:37,,
9478a16b443e45218127669fa1c2c1af,0,fiscalcalendar,,[],"{""Group"":""DW"",""Type"":""Permanent"",""TimeTravelRetentionInDays"":""90"",""ShareName"":""A1SF_SHARE_\u003cenv_id\u003e_\u003ctenant_id\u003e"",""ShareEnabled"":""false""}",system,2022-06-22 21:55,2024-06-25 21:09,system
c98eb3cb-1182-4029-9774-119a2e958a64,1031,productcategoryxref,,,"{""ShareEnabled"":""true""}",system,2022-08-30 21:37,,
cae45ddb-1090-4f4a-8084-eac62145121d,10169,mastercustomer,,,"{""ShareEnabled"":""true""}",system,2022-08-30 21:37,,
419cd12f-1a00-4944-8ba1-9c94757a7efa,1086,householdsummary,,,"{""ShareEnabled"":""true""}",system,2022-08-30 21:38,,
ef77f86083414123ad8a7f9cc9f0a8e9,0,mlbehaviordna,,[],"{""Availability"":""ML"",""Group"":""Unknown"",""Type"":""Transient"",""ShareName"":""A1SF_SHARE_\u003cenv_id\u003e_\u003ctenant_id\u003e"",""ShareEnabled"":""false""}",system,2022-06-22 21:55,2024-06-25 21:09,system
18b121fd-5f61-441e-8c66-4fe30586190f,1041,timesummary,,,"{""ShareEnabled"":""true""}",system,2022-08-30 21:36,,
48f67e8491284461a305852ff3cb155a,0,ml_out_meta_likelihood_evaluation_metrics,,[],"{""Availability"":""CUBE,EXPORT"",""Group"":""ML"",""Type"":""Transient"",""ShareName"":""A1SF_SHARE_\u003cenv_id\u003e_\u003ctenant_id\u003e"",""ShareEnabled"":""false""}",system,2022-06-22 21:55,2024-06-25 21:09,system
590564493a3e4414a6b444ff1ca77cb3,0,message,,[],"{""Group"":""DW"",""Type"":""Permanent"",""TimeTravelRetentionInDays"":""90"",""ShareName"":""A1SF_SHARE_\u003cenv_id\u003e_\u003ctenant_id\u003e"",""ShareEnabled"":""false""}",system,2022-06-22 21:55,2024-06-25 21:09,system
696e1090-1f43-11ed-afba-4201ac1b0fca,1033,c_transactioncouponxref,Transaction Coupon Cross-Reference,"[""EXPORT""]","{""Group"":""DW"",""ShareName"":""A1SF_SHARE_u003cenv_idu003e_u003ctenant_idu003e"",""Type"":""Permanent"",""ShareEnabled"":""true""}",system,2022-08-18 22:16,2022-08-30 21:37,system
696e1099-1f43-11ed-afba-4201ac1b0fca,1033,c_bin,Bin," [""CONTENT"",""CUBE"",""PII"",""API"",""CAMPAIGN"",""EXPORT""] ","{""Group"":""DW"",""ShareName"":""A1SF_SHARE_u003cenv_idu003e_u003ctenant_idu003e"",""Type"":""Permanent"",""ShareEnabled"":""true""}",system,2022-08-18 22:16,2022-08-30 21:37,system
1050db08-0c97-442f-a0b8-44f06cb521d6,1076,timesummary,,,"{""ShareEnabled"":""true""}",system,2022-08-30 21:37,,
aa326fe1-2606-4e27-9ee4-f036a6404f00,1080,organizationsummary,,,"{""ShareEnabled"":""true""}",system,2022-08-30 21:37,,
c04e174b-b347-4bd0-9490-e746b3ed1734,10169,ml_out_meta_clustering_evaluation,,,"{""ShareEnabled"":""true""}",system,2022-08-30 21:38,,
696e1185-1f43-11ed-afba-4201ac1b0fca,10167,c_productflyer,Product Flyer,null,"{""Group"":""DW"",""Type"":""Permanent""}",system,2022-08-18 22:16,2022-08-18 22:16,system
b43bc622-01e2-49d7-9a39-0eeb52867b2b,1033,customerlasttransactionproductcategory,,,"{""ShareEnabled"":""true""}",system,2022-08-30 21:37,,
d15d957a-96e8-4476-92ff-812204899337,1067,couponhistory,,,"{""ShareEnabled"":""true""}",system,2022-08-30 21:38,,
d5ec39bd-1c60-4ec4-8e54-7dd7c8a4349a,1067,ml_out_meta_likelihood_evaluation_metrics,,,"{""ShareEnabled"":""true""}",system,2022-08-30 21:38,,
06cb82d8-4735-4f85-9cdb-6f6a22c19ca1,1071,transactionitemmessagexref,,,"{""ShareEnabled"":""true""}",system,2022-08-30 21:39,,
bfa46e096e7043aaaa32f00dc1a75708,0,transactionitem,,[],"{""Availability"":""EXPORT"",""Group"":""DW"",""Type"":""Permanent"",""TimeTravelRetentionInDays"":""90"",""ShareName"":""A1SF_SHARE_\u003cenv_id\u003e_\u003ctenant_id\u003e"",""PartitionType"":""TIMESTAMP"",""ShareEnabled"":""false""}",system,2022-06-22 21:55,2024-06-25 21:09,system
8bbe449b-d36b-456f-bb36-e927502a8e4c,10169,transactionitemmessagexref,,,"{""ShareEnabled"":""true""}",system,2022-08-30 21:38,2023-10-18 07:02,
626efcb6e8e24b2880d74eeaaabc96ba,0,organization,,[],"{""Availability"":""EXPORT"",""Group"":""DW"",""Type"":""Permanent"",""TimeTravelRetentionInDays"":""90"",""ShareName"":""A1SF_SHARE_\u003cenv_id\u003e_\u003ctenant_id\u003e"",""ShareEnabled"":""false""}",system,2022-06-22 21:55,2024-06-25 21:09,system
da159c29-78d7-4543-9457-281e7e09f16f,1089,address,,,"{""ShareEnabled"":""true""}",system,2022-08-30 21:36,2023-01-31 08:07,
a76a5c63-1c31-484c-84d2-aaf06f2a7b53,1076,employee,,,"{""ShareEnabled"":""true""}",system,2022-08-30 21:37,,
a02773a3-9e14-4b56-92f0-775046f6fb0d,1067,ml_out_meta_regression_evaluation,,,"{""ShareEnabled"":""true""}",system,2022-08-30 21:38,,
dae8c25f-3a41-453a-a0fe-20d509aa3837,1038,customerfirsttransactionproductcategory,,,"{""ShareEnabled"":""true""}",system,2022-08-30 21:38,,
8822bcb4-e12f-490e-aa48-e087292a7ef8,1076,ml_out_meta_likelihood_evaluation_metrics,,,"{""ShareEnabled"":""true""}",system,2022-08-30 21:37,,
8dc571490b6e47c3987dc8a8e5717e96,0,hoursummary,,[],"{""Immutable"":""true"",""Availability"":""SUMMARY"",""Group"":""BI"",""Type"":""Transient"",""ShareName"":""A1SF_SHARE_\u003cenv_id\u003e_\u003ctenant_id\u003e"",""ShareEnabled"":""false""}",system,2022-06-22 21:55,2024-06-25 21:09,system
798df72f-021e-439a-a224-eba166756fa2,1041,customerlasttransactionproductcategory,,,"{""ShareEnabled"":""true""}",system,2022-08-30 21:36,,
449eca38-5e0b-462c-a4a3-3e79d6003dea,1086,ml_out_meta_likelihood_evaluation_metrics,,,"{""ShareEnabled"":""true""}",system,2022-08-30 21:39,,
696e11a7-1f43-11ed-afba-4201ac1b0fca,10169,c_customerdemographic,,,"{""Group"":""DW"",""Type"":""Permanent"",""ShareName"":""A1SF_SHARE_u003cenv_idu003e_u003ctenant_idu003e"",""ShareEnabled"":""true""}",system,2022-08-18 22:16,2023-10-18 07:10,
69692ed5-8cd8-4228-9ac4-dceb04f34d79,1089,organizationsummary,,,"{""ShareEnabled"":""true""}",system,2022-08-30 21:36,,
8790b870-b760-4615-b9ce-b21582f94ef7,1086,customeraddressxref,,,"{""ShareEnabled"":""true""}",system,2022-08-30 21:38,,
a311fe97346f4913816524cbaa9ae70f,0,vtoprecommendations,,[],"{""Group"":""Unknown"",""Type"":""Transient"",""ShareName"":""A1SF_SHARE_\u003cenv_id\u003e_\u003ctenant_id\u003e"",""ShareEnabled"":""false""}",system,2022-06-22 21:55,2024-06-25 21:09,system
17fb2e29-02f2-11ed-afba-4201ac1b0fca,1078,c_bluecutover,c_bluecutover,"[""EXPORT"",""CAMPAIGN""]","{""Group"":""Unknown"",""Type"":""Transient""}",system,2022-07-13 21:23,2022-07-13 21:23,system
589eb3c7fb624f6a847524767e180a50,0,customerhistory,,[],"{""Group"":""Unknown"",""Type"":""Transient"",""ShareName"":""A1SF_SHARE_\u003cenv_id\u003e_\u003ctenant_id\u003e"",""ShareEnabled"":""false""}",system,2022-06-22 21:55,2024-06-25 21:09,system
c4275457-5ec5-4759-9351-516aefbf3db9,1071,address,,,"{""ShareEnabled"":""true""}",system,2022-08-30 21:39,,
4e070df233b340dda741587a6b983fdb,10175,address,,,"{""ShareEnabled"":""true""}",system,2022-09-30 05:03,2023-05-18 17:49,
c73a534fb2d5464eb8b65dad3086d61b,0,productsummary,,[],"{""Immutable"":""true"",""Availability"":""SUMMARY"",""Group"":""BI"",""Type"":""Transient"",""ShareName"":""A1SF_SHARE_\u003cenv_id\u003e_\u003ctenant_id\u003e"",""ShareEnabled"":""false""}",system,2022-06-22 21:55,2024-06-25 21:09,system
dc93390e-db51-442f-b192-d9b55ff032cd,1089,audiencehistory,,,"{""ShareEnabled"":""true""}",system,2022-08-30 21:36,,
bfec46fd-72c4-4296-962e-ab443d3af3c2,1041,organizationsummary,,,"{""ShareEnabled"":""true""}",system,2022-08-30 21:36,,
afa0cd7f-36cb-4916-b844-91ac6373b9d7,1031,customeraddressxref,,,"{""ShareEnabled"":""true""}",system,2022-08-30 21:37,2024-01-03 13:36,
1f8a330b-9aa4-485a-804d-c4d3942208e6,1080,productcategoryxref,,,"{""ShareEnabled"":""true""}",system,2022-08-30 21:37,,
d1a91e96-7a93-436a-b31a-be4262106310,1038,employee,,,"{""ShareEnabled"":""true""}",system,2022-08-30 21:38,,
67540895-1e3e-431a-af58-1282e274b921,1038,ml_out_meta_regression_evaluation_metrics,,,"{""ShareEnabled"":""true""}",system,2022-08-30 21:38,,
ce06ca3f-7563-47c0-a383-392b1f274d4b,1031,address,,,"{""ShareEnabled"":""true""}",system,2022-08-30 21:37,2024-01-03 13:36,
cc1538d5-9ab2-4325-902b-b84ae368d1a6,1033,mastercustomer,,,"{""ShareEnabled"":""true""}",system,2022-08-30 21:37,,
b4b548c42ab54e03bb4c31c200e320b0,10179,customer,,,"{""ShareEnabled"":""true""}",system,2023-01-10 06:16,2023-01-10 06:16,system
fef83f4cd44a4a17ad1a2408c7a90b0e,0,household,,[],"{""Availability"":""EXPORT"",""Group"":""BI"",""Type"":""Transient"",""ShareName"":""A1SF_SHARE_\u003cenv_id\u003e_\u003ctenant_id\u003e"",""ShareEnabled"":""false""}",system,2022-06-22 21:55,2024-06-25 21:09,system
42e0049eab224192b18da7d83bab2d61,0,promotion,,[],"{""Availability"":""CONTENT"",""Group"":""DW"",""Type"":""Permanent"",""TimeTravelRetentionInDays"":""90"",""ShareName"":""A1SF_SHARE_\u003cenv_id\u003e_\u003ctenant_id\u003e"",""ShareEnabled"":""false""}",system,2022-06-22 21:55,2024-06-25 21:09,system
ec792be8-9207-43f5-86a5-863c084f6aa5,1089,productcategorysummary,,,"{""ShareEnabled"":""true""}",system,2022-08-30 21:36,,
f16b5b35-5f99-432d-927f-52f7ece07854,1033,ml_out_meta_clustering_evaluation,,,"{""ShareEnabled"":""true""}",system,2022-08-30 21:37,,
c735f3da-d6c4-470c-af1e-246752eb7e00,10169,ml_out_meta_regression_evaluation,,,"{""ShareEnabled"":""true""}",system,2022-08-30 21:38,,
1c6b7ba917344e6a8e93b22677a4ba3c,0,customerfirsttransactionproductcategory,,[],"{""Group"":""BI"",""Type"":""Transient"",""ShareName"":""A1SF_SHARE_\u003cenv_id\u003e_\u003ctenant_id\u003e"",""ShareEnabled"":""false""}",system,2022-06-22 21:55,2024-06-25 21:09,system
4efcfe5a-8ebe-4794-ab59-d2eddac7a816,1041,couponhistory,,,"{""ShareEnabled"":""true""}",system,2022-08-30 21:36,,
52eca0a9-4d9d-4e11-87f9-1b2c70b57ec5,1038,householdsummary,,,"{""ShareEnabled"":""true""}",system,2022-08-30 21:38,,
fe2df281-59ff-4db9-a614-5ed189ddd743,1031,organizationsummary,,,"{""ShareEnabled"":""true""}",system,2022-08-30 21:37,,
b710eb9b-9fb0-4da1-b9b3-8d0150d5270e,1080,promotiontypesummary,,,"{""ShareEnabled"":""true""}",system,2022-08-30 21:37,,
0059717c-9b50-4878-a754-2c4b07f3bb61,1067,employee,,,"{""ShareEnabled"":""true""}",system,2022-08-30 21:38,,
d29725c156f24163950be266cb05f530,10175,audiencehistory,,,"{""description"":""Audience History""}",lemuel.gomez@acquia.com,2023-01-27 09:31,2023-02-02 09:20,lemuel.gomez@acquia.com
e08bfc27-4570-4baf-89a8-25acbeb0fbaa,10169,couponhistory,,,"{""ShareEnabled"":""true""}",system,2022-08-30 21:38,2023-10-18 07:02,
705bf057-5659-4edd-9517-7786a97dc9c1,1067,organizationsummary,,,"{""ShareEnabled"":""true""}",system,2022-08-30 21:38,,
625993a8-8149-4533-9747-211e5fcddc5a,1086,ml_out_meta_likelihood_evaluation,,,"{""ShareEnabled"":""true""}",system,2022-08-30 21:39,,
ce9767d1331f4f65a4790da059f69c08,0,ptoprecommendations,,[],"{""Group"":""Unknown"",""Type"":""Transient"",""ShareName"":""A1SF_SHARE_\u003cenv_id\u003e_\u003ctenant_id\u003e"",""ShareEnabled"":""false""}",system,2022-06-22 21:55,2024-06-25 21:09,system
e5148b10-4ff4-441a-8c22-fe3d688bce6e,1031,customerlasttransactionproductcategory,,,"{""ShareEnabled"":""true""}",system,2022-08-30 21:37,,
f9604fe7-685f-4b94-9adf-2826ec08d2db,1031,timesummary,,,"{""ShareEnabled"":""true""}",system,2022-08-30 21:37,,
696e1162-1f43-11ed-afba-4201ac1b0fca,10114,c_domain,Domain,"[""API"",""EXPORT"",""CONTENT"",""CAMPAIGN""]","{""Group"":""DW"",""Type"":""Permanent""}",system,2022-08-18 22:16,2022-08-18 22:16,system
96e59080-4ea9-4f9d-9ef6-3d331ba28e2a,1031,paymentmethod,,,"{""ShareEnabled"":""true""}",system,2022-08-30 21:37,,
971a0e85-c8d9-42ea-aae5-8d924124bcb4,1086,customerfirsttransactionproductcategory,,,"{""ShareEnabled"":""true""}",system,2022-08-30 21:39,,
fb9ead8883cb4c048e9bc967dc3272b5,0,productimage,,[],"{""Group"":""DW"",""Type"":""Permanent"",""TimeTravelRetentionInDays"":""90"",""ShareName"":""A1SF_SHARE_\u003cenv_id\u003e_\u003ctenant_id\u003e"",""ShareEnabled"":""false""}",system,2022-06-22 21:55,2024-06-25 21:09,system
d509227b-0f24-49ea-8d64-6fae7601a09e,1089,householdsummary,,,"{""ShareEnabled"":""true""}",system,2022-08-30 21:36,,
c15f208d-3a28-40a9-a76b-eb64e9e3715a,1089,promotiontypesummary,,,"{""ShareEnabled"":""true""}",system,2022-08-30 21:36,,
7b03c2f3-1506-4136-90bc-9c14a6b03903,1076,customerlasttransactionproductcategory,,,"{""ShareEnabled"":""true""}",system,2022-08-30 21:36,,
82ed96a522cf43138c2005ff4c92bcba,10179,transactionpaymentmethodxref,,,"{""ShareEnabled"":""true""}",system,2023-01-10 06:16,2023-01-10 06:16,system
fc170397-95fe-4f4a-bffe-12393489efe1,1089,paymentmethod,,,"{""ShareEnabled"":""true""}",system,2022-08-30 21:36,,
4afbafaa-c925-4e98-b5ab-7d6a28848a79,1041,productcategorysummary,,,"{""ShareEnabled"":""true""}",system,2022-08-30 21:36,,
3ddef877-1f30-46d4-9f27-d6e5ba9e47c2,1041,promotiontypesummary,,,"{""ShareEnabled"":""true""}",system,2022-08-30 21:36,,
afbf246a-fb0f-46bf-9163-99f1381ff8f2,1076,organizationsummary,,,"{""ShareEnabled"":""true""}",system,2022-08-30 21:36,2023-01-09 20:24,
f0551204-66bd-4d79-9fae-15567948d9c8,1071,householdsummary,,,"{""ShareEnabled"":""true""}",system,2022-08-30 21:39,,
bfdbcff5227147e6a8ffab00a5a7e489,0,anonymousevent,,[],"{""Immutable"":""true"",""Group"":""DW"",""Type"":""Permanent"",""TimeTravelRetentionInDays"":""90"",""ShareName"":""A1SF_SHARE_\u003cenv_id\u003e_\u003ctenant_id\u003e"",""PartitionType"":""TIMESTAMP"",""ShareEnabled"":""false""}",system,2022-06-22 21:55,2024-06-25 21:09,system
696e11b9-1f43-11ed-afba-4201ac1b0fca,10171,c_productreview,Product Review,"[""CONTENT"",""CAMPAIGN""]","{""Group"":""BI"",""Type"":""Transient""}",system,2022-08-18 22:16,2022-08-18 22:16,system
92fff34b-a68b-4d7a-8879-c8aa223cc079,1038,productcategoryxref,,,"{""ShareEnabled"":""true""}",system,2022-08-30 21:38,,
5282b75e-15e0-4827-95ed-2103a97fe429,1089,customerlasttransactionproductcategory,,,"{""ShareEnabled"":""true""}",system,2022-08-30 21:36,,
137b9d19-0f7d-4c82-8f9e-b6d3485eb7df,1041,householdsummary,,,"{""ShareEnabled"":""true""}",system,2022-08-30 21:36,,
9a977471-ee64-400a-ba42-0d7263b5009b,1038,customeraddressxref,,,"{""ShareEnabled"":""true""}",system,2022-08-30 21:38,,
fca5d6e0-59d2-43f0-aea1-7fddd6528dcc,1071,ml_out_meta_likelihood_evaluation_metrics,,,"{""ShareEnabled"":""true""}",system,2022-08-30 21:39,,
8775505aec7f4b9f97e70804279a59f0,0,ml_out_mc_likelihood_ltc_a,,[],"{""Availability"":""ML"",""Group"":""Unknown"",""Type"":""Transient"",""ShareName"":""A1SF_SHARE_\u003cenv_id\u003e_\u003ctenant_id\u003e"",""PartitionType"":""MARKED_COL"",""ShareEnabled"":""false""}",system,2022-06-22 21:55,2024-06-25 21:09,system
e3ca4b4b46e548de8a1b62d5a556c121,0,mastercustomer,,[],"{""Immutable"":""true"",""Availability"":""EXPORT"",""Group"":""BI"",""Type"":""Transient"",""ShareName"":""A1SF_SHARE_\u003cenv_id\u003e_\u003ctenant_id\u003e"",""ShareEnabled"":""false""}",system,2022-06-22 21:55,2024-06-25 21:09,system
759c85ceeaea441996a3534a57fd70df,0,product,,[],"{""Availability"":""CONTENT,EXPORT"",""Group"":""DW"",""Type"":""Permanent"",""TimeTravelRetentionInDays"":""90"",""ShareName"":""A1SF_SHARE_\u003cenv_id\u003e_\u003ctenant_id\u003e"",""ShareEnabled"":""false""}",system,2022-06-22 21:55,2024-06-25 21:09,system
a414a7f3-2d0c-4252-9972-f1f03108cf37,1031,mastercustomer,,,"{""ShareEnabled"":""true""}",system,2022-08-30 21:37,,
1f7cfb5339e94d239d2ef285ee62a8c8,0,ml_out_meta_likelihood_evaluation,,[],"{""Availability"":""CUBE,EXPORT"",""Group"":""ML"",""Type"":""Transient"",""ShareName"":""A1SF_SHARE_\u003cenv_id\u003e_\u003ctenant_id\u003e"",""ShareEnabled"":""false""}",system,2022-06-22 21:55,2024-06-25 21:09,system
48bd9481d922401bad302efa6c7de652,0,subscriptionproductxref,,[],"{""Group"":""DW"",""Type"":""Permanent"",""TimeTravelRetentionInDays"":""90"",""ShareName"":""A1SF_SHARE_\u003cenv_id\u003e_\u003ctenant_id\u003e"",""ShareEnabled"":""false""}",system,2022-06-22 21:55,2024-06-25 21:09,system
696e117a-1f43-11ed-afba-4201ac1b0fca,10167,c_customeremailxref,Customer Email Xref,null,"{""Group"":""DW"",""Type"":""Permanent""}",system,2022-08-18 22:16,2022-08-18 22:16,system
75845ec5-521d-40cd-ac8a-54f8d4cec77f,1041,customerfirsttransactionproductcategory,,,"{""ShareEnabled"":""true""}",system,2022-08-30 21:36,,
f5adb532-f8d8-482c-b064-1e3aa50e888a,1080,audiencehistory,,,"{""ShareEnabled"":""true""}",system,2022-08-30 21:37,,
0d205cba3cd748f79d5b42e8f983d067,0,ml_output_mastercustomer_likelihood_ltc_a,,[],"{""Availability"":""ML"",""Group"":""Unknown"",""Type"":""Transient"",""ShareName"":""A1SF_SHARE_\u003cenv_id\u003e_\u003ctenant_id\u003e"",""ShareEnabled"":""false""}",system,2022-06-22 21:55,2024-06-25 21:09,system
b42bb70e-3746-4539-bbf1-f6e69f3a45e9,1076,mastercustomer,,,"{""ShareEnabled"":""true""}",system,2022-08-30 21:36,,
d8145afa-49d6-4aab-976a-611a9c101657,1076,ml_out_meta_likelihood_evaluation,,,"{""ShareEnabled"":""true""}",system,2022-08-30 21:37,,
5cb2ff61-9304-4a3f-bc62-790a20dd9c8a,1080,ml_out_mc_summary,,,"{""ShareEnabled"":""true""}",system,2022-08-30 21:37,,
696e1113-1f43-11ed-afba-4201ac1b0fca,1071,c_tender,Tender,null,"{""Group"":""DW"",""ShareName"":""A1SF_SHARE_u003cenv_idu003e_u003ctenant_idu003e"",""Type"":""Permanent"",""ShareEnabled"":""true""}",system,2022-08-18 22:16,2022-08-30 21:39,system
8a858af9-37dd-48c6-8052-8bb120fb925c,1041,address,,,"{""ShareEnabled"":""true""}",system,2022-08-30 21:36,,
e8ec9a89-0207-4619-9b4f-bd341eedbf90,10169,customerlasttransactionproductcategory,,,"{""ShareEnabled"":""true""}",system,2022-08-30 21:37,,
8fce9f31-9414-4a76-9749-3223df49cb31,1067,transactionitemmessagexref,,,"{""ShareEnabled"":""true""}",system,2022-08-30 21:38,,
7efda8d1-f4f1-4538-9e82-8b8ce14d1ae8,1086,promotiontypesummary,,,"{""ShareEnabled"":""true""}",system,2022-08-30 21:39,,
696e10ae-1f43-11ed-afba-4201ac1b0fca,1033,c_transactiontender,Transaction Tender,null,"{""Group"":""DW"",""ShareName"":""A1SF_SHARE_u003cenv_idu003e_u003ctenant_idu003e"",""Type"":""Permanent"",""ShareEnabled"":""true""}",system,2022-08-18 22:16,2022-08-30 21:37,system
cbc83e5f-0176-4598-849d-7c58ec79be21,1041,ml_out_meta_regression_evaluation,,,"{""ShareEnabled"":""true""}",system,2022-08-30 21:36,,
de1d33f5-261f-44e2-898b-f16bbb179839,1038,ml_out_meta_likelihood_evaluation_metrics,,,"{""ShareEnabled"":""true""}",system,2022-08-30 21:38,,
7045c5ca-6e4f-474f-914a-e6db265870cb,1076,household,,,"{""ShareEnabled"":""true""}",system,2022-08-30 21:36,,
91800783211d4470b7ebbed4429be4bc,0,mlproductdna,,[],"{""Availability"":""ML"",""Group"":""Unknown"",""Type"":""Transient"",""ShareName"":""A1SF_SHARE_\u003cenv_id\u003e_\u003ctenant_id\u003e"",""ShareEnabled"":""false""}",system,2022-06-22 21:55,2024-06-25 21:09,system
ce31acd4d55b4a3c8c504e92306a5caf,0,ml_out_mc_summary,,[],"{""Immutable"":""true"",""Availability"":""CONTENT,ML"",""Group"":""ML"",""Type"":""Transient"",""ShareName"":""A1SF_SHARE_\u003cenv_id\u003e_\u003ctenant_id\u003e"",""ShareEnabled"":""false""}",system,2022-06-22 21:55,2024-06-25 21:09,system
570e5ba6-c65d-4dab-8e92-ef9da5793e5d,1033,couponhistory,,,"{""ShareEnabled"":""true""}",system,2022-08-30 21:37,2024-02-07 19:50,
696e1102-1f43-11ed-afba-4201ac1b0fca,1067,c_transactiontender,Transaction Tender,null,"{""Group"":""DW"",""ShareName"":""A1SF_SHARE_u003cenv_idu003e_u003ctenant_idu003e"",""Type"":""Permanent"",""ShareEnabled"":""true""}",system,2022-08-18 22:16,2022-08-30 21:38,system
fec8c03a-e9b5-4a42-b8bc-7156673e75d8,1067,address,,,"{""ShareEnabled"":""true""}",system,2022-08-30 21:38,2023-08-24 20:21,
0071e116-0cba-4107-b66d-d209c75877d9,1080,address,,,"{""ShareEnabled"":""true""}",system,2022-08-30 21:37,,
89f1b335-c790-4bd3-877e-d960f1830446,1086,ml_out_meta_clustering_evaluation,,,"{""ShareEnabled"":""true""}",system,2022-08-30 21:39,,
8a334664-a4ec-489e-962c-94795b189586,1089,ml_out_meta_likelihood_evaluation,,,"{""ShareEnabled"":""true""}",system,2022-08-30 21:36,,
5de85d14-a49f-41fe-930e-d1f68edb8093,1041,mastercustomer,,,"{""ShareEnabled"":""true""}",system,2022-08-30 21:36,,
37d1385f16904d4db0f81e184f22dd67,0,account,,[],"{""Availability"":""CAMPAIGN,CONTENT"",""Group"":""DW"",""Type"":""Permanent"",""TimeTravelRetentionInDays"":""90"",""ShareName"":""A1SF_SHARE_\u003cenv_id\u003e_\u003ctenant_id\u003e"",""ShareEnabled"":""false""}",system,2022-06-22 21:55,2024-06-25 21:09,system
737793a9-e21d-4056-89ee-34c2fe461c3f,1038,audiencehistory,,,"{""ShareEnabled"":""true""}",system,2022-08-30 21:38,,
8e3c0f18-c655-4ba2-a185-f63d374ae9d8,1086,ml_out_meta_regression_evaluation,,,"{""ShareEnabled"":""true""}",system,2022-08-30 21:39,,
696e106a-1f43-11ed-afba-4201ac1b0fca,1028,c_customfiscalcalendar,Custom Fiscal Calendar,null,"{""Group"":""DW"",""Type"":""Permanent""}",system,2022-08-18 22:16,2022-08-18 22:16,system
28a3758b-26f6-447d-80fb-85b8f886c1e2,1076,productcategorysummary,,,"{""ShareEnabled"":""true""}",system,2022-08-30 21:36,,
894bcf92-6496-4cc4-b268-a418c3f64239,1080,productsummary,,,"{""ShareEnabled"":""true""}",system,2022-08-30 21:37,,
52fc9d5a-9ae2-4c91-b532-e3101905f3a7,1038,ml_out_meta_regression_evaluation,,,"{""ShareEnabled"":""true""}",system,2022-08-30 21:38,,
8b48f02e-aa19-4cc4-9642-5366cdf2e355,1033,timesummary,,,"{""ShareEnabled"":""true""}",system,2022-08-30 21:37,,
bd2ae675-73f4-45ae-817c-f06960783a6b,10169,timesummary,,,"{""ShareEnabled"":""true""}",system,2022-08-30 21:38,,
df5d7d6b-3277-42e6-b8d3-f344f22e937c,10169,address,,,"{""ShareEnabled"":""true""}",system,2022-08-30 21:38,2023-10-18 07:02,
11e33b30-0d90-46b6-a68b-160a28a74aaa,1089,customerfirsttransactionproductcategory,,,"{""ShareEnabled"":""true""}",system,2022-08-30 21:36,,
7391d5ae-63c3-403a-bdf2-c0c3ed77a3d9,10169,ml_out_meta_likelihood_evaluation_metrics,,,"{""ShareEnabled"":""true""}",system,2022-08-30 21:38,,
2f54350eeb8a4301ae0eadaf5296a5c5,10175,customeraddressxref,,,"{""ShareEnabled"":""true""}",system,2022-09-30 05:03,2023-05-18 17:49,
eabe83a052464a8999e517a09b5740c5,0,paymentmethod,,[],"{""Availability"":""EXPORT"",""Group"":""DW"",""Type"":""Permanent"",""TimeTravelRetentionInDays"":""90"",""ShareName"":""A1SF_SHARE_\u003cenv_id\u003e_\u003ctenant_id\u003e"",""ShareEnabled"":""false""}",system,2022-06-22 21:55,2024-06-25 21:09,system
696e1108-1f43-11ed-afba-4201ac1b0fca,1067,c_dateattributes,Date Attributes,null,"{""Group"":""DW"",""Type"":""Permanent""}",system,2022-08-18 22:16,2022-08-18 22:16,system
5165a909-a3a8-458b-8cb3-0ccf62e08711,10169,ml_out_meta_likelihood_evaluation,,,"{""ShareEnabled"":""true""}",system,2022-08-30 21:38,,
34e22655-017f-40bf-929f-b73d4c6c50e8,1086,address,,,"{""ShareEnabled"":""true""}",system,2022-08-30 21:38,2023-01-31 07:44,
696e1169-1f43-11ed-afba-4201ac1b0fca,10114,c_domaintechnologyxref,Domain Technology Cross-Reference,"[""API"",""EXPORT"",""CONTENT"",""CAMPAIGN""]","{""Group"":""DW"",""Type"":""Permanent""}",system,2022-08-18 22:16,2022-08-18 22:16,system
4d503717-4d77-42c8-93e8-e255362eb10d,1080,customer,,,"{""ShareEnabled"":""true""}",system,2022-08-30 21:37,,
2b5226d9-922f-4b49-bcb6-e2a1b83feb4b,1067,householdsummary,,,"{""ShareEnabled"":""true""}",system,2022-08-30 21:38,,
696e1120-1f43-11ed-afba-4201ac1b0fca,1071,c_dateattributes,Date Attributes,null,"{""Group"":""DW"",""ShareName"":""A1SF_SHARE_u003cenv_idu003e_u003ctenant_idu003e"",""Type"":""Permanent"",""ShareEnabled"":""true""}",system,2022-08-18 22:16,2022-08-30 21:39,system
2bee4d51-b812-47ef-bddd-9bd0b125d1da,10169,promotiontypesummary,,,"{""ShareEnabled"":""true""}",system,2022-08-30 21:38,2022-12-13 19:56,
332de2c1-aad7-4419-b61e-66404d4e1e0c,1067,promotiontypesummary,,,"{""ShareEnabled"":""true""}",system,2022-08-30 21:38,,
5df6bab044af43dbbc76a8a95eb702e8,0,organizationsummary,,[],"{""Immutable"":""true"",""Availability"":""SUMMARY,CONTENT"",""Group"":""BI"",""Type"":""Transient"",""ShareName"":""A1SF_SHARE_\u003cenv_id\u003e_\u003ctenant_id\u003e"",""ShareEnabled"":""false""}",system,2022-06-22 21:55,2024-06-25 21:09,system
25898004-fb6d-41b7-bb8a-e9e62f146567,1033,audiencehistory,,,"{""ShareEnabled"":""true""}",system,2022-08-30 21:37,,
afdb0fe76ead4f5cb977288a862c1ad2,10175,c_customercreditcardxref,,,"{""Group"":""DW"",""Type"":""Permanent"",""description"":""Customer Credit Card Cross-Reference"",""TimeTravelRetentionInDays"":""30""}",lemuel.gomez@acquia.com,2023-01-26 10:16,2023-01-27 09:25,lemuel.gomez@acquia.com
696e11c7-1f43-11ed-afba-4201ac1b0fca,10175,c_customergroupmemberships,,,"{""Group"":""DW"",""Type"":""Permanent""}",system,2022-08-18 22:16,2022-09-30 05:04,
696e11ed-1f43-11ed-afba-4201ac1b0fca,10184,c_countrymap,Country Map,null,"{""Group"":""DW"",""Type"":""Permanent""}",system,2022-08-18 22:16,2022-08-18 22:16,system
88063404-ad19-44bd-b43b-943cee38007e,1041,audiencehistory,,,"{""ShareEnabled"":""true""}",system,2022-08-30 21:36,,
397fc552-c28b-41dd-8725-feca06a2bc3f,1076,ml_out_meta_clustering_evaluation,,,"{""ShareEnabled"":""true""}",system,2022-08-30 21:37,,
dc6eb072-bce6-4008-918d-b38226d24d54,1038,promotiontypesummary,,,"{""ShareEnabled"":""true""}",system,2022-08-30 21:38,2022-12-14 23:34,
7c0292c4e0a6483f9d7fa11025e876d8,10114,account,,,{},system,2020-11-05 12:59,2021-02-04 08:48,
696e10d4-1f43-11ed-afba-4201ac1b0fca,1041,c_dateattributes,Date Attributes,null,"{""Group"":""DW"",""ShareName"":""A1SF_SHARE_u003cenv_idu003e_u003ctenant_idu003e"",""Type"":""Permanent"",""ShareEnabled"":""true""}",system,2022-08-18 22:16,2022-08-30 21:36,system
696e10e1-1f43-11ed-afba-4201ac1b0fca,1041,c_bin,Bin,null,"{""Group"":""DW"",""ShareName"":""A1SF_SHARE_u003cenv_idu003e_u003ctenant_idu003e"",""Type"":""Permanent"",""ShareEnabled"":""true""}",system,2022-08-18 22:16,2022-08-30 21:36,system
696e11d9-1f43-11ed-afba-4201ac1b0fca,10180,c_customerappend,,,"{""Group"":""DW"",""ShareEnabled"":""true"",""ShareName"":""A1SF_SHARE_u003cenv_idu003e_u003ctenant_idu003e"",""Type"":""Permanent""}",system,2022-08-18 22:16,2023-01-10 09:20,
696e118d-1f43-11ed-afba-4201ac1b0fca,10169,c_edq,,,"{""Group"":""DW"",""ShareEnabled"":""true"",""ShareName"":""A1SF_SHARE_u003cenv_idu003e_u003ctenant_idu003e"",""Type"":""Permanent""}",system,2022-08-18 22:16,2023-10-18 07:02,
00a9bb10-cbef-40c4-a3bd-dd62f027b81b,1076,ml_out_meta_regression_evaluation_metrics,,,"{""ShareEnabled"":""true""}",system,2022-08-30 21:37,,
3bfd70ff-ea40-4e3a-a9e6-764fb313d384,1031,promotiontypesummary,,,"{""ShareEnabled"":""true""}",system,2022-08-30 21:37,,
cdd1fc01-fbab-489b-a66d-913b2c808f00,1038,ml_out_meta_likelihood_evaluation,,,"{""ShareEnabled"":""true""}",system,2022-08-30 21:38,,
696e10fa-1f43-11ed-afba-4201ac1b0fca,1067,c_transactioncouponxref,Transaction Coupon Cross-Reference,null,"{""Group"":""DW"",""ShareName"":""A1SF_SHARE_u003cenv_idu003e_u003ctenant_idu003e"",""Type"":""Permanent"",""ShareEnabled"":""true""}",system,2022-08-18 22:16,2022-08-30 21:38,system
546e5db4-fed9-4bbd-9b3f-83de4560d1b6,1076,ml_out_meta_regression_evaluation,,,"{""ShareEnabled"":""true""}",system,2022-08-30 21:37,,
feb2de62-7b11-4e40-ba30-ab616694f9af,1089,ml_out_meta_regression_evaluation_metrics,,,"{""ShareEnabled"":""true""}",system,2022-08-30 21:36,,
db31bf0e-dd3b-4eeb-9e4a-7a4532bdff50,10169,household,,,"{""ShareEnabled"":""true""}",system,2022-08-30 21:38,,
27b121bd-b55d-4e76-aba3-a0d6fe1fc7d6,1080,event,,,"{""ShareEnabled"":""true""}",system,2022-08-30 21:37,,
3da91b91-a1fa-4a0a-b308-eebc9a047e65,1033,ml_out_meta_regression_evaluation,,,"{""ShareEnabled"":""true""}",system,2022-08-30 21:37,,
9d31cca3-290d-457d-a7f3-87fea15a9dcf,1086,transactionpaymentmethodxref,,,"{""ShareEnabled"":""true""}",system,2022-08-30 21:38,2023-01-31 07:45,
75cc354d-8ecf-4d2f-b2b3-0ca9e21f7da5,1041,ml_out_meta_likelihood_evaluation,,,"{""ShareEnabled"":""true""}",system,2022-08-30 21:36,,
2a5ca34c-bd9c-481b-8acf-d446d744747e,1086,ml_out_meta_regression_evaluation_metrics,,,"{""ShareEnabled"":""true""}",system,2022-08-30 21:39,,
86f5232c-b85a-44e4-812b-2e276bb94eb4,1031,transactionpaymentmethodxref,,,"{""ShareEnabled"":""true""}",system,2022-08-30 21:37,2023-10-12 17:04,
4182e811-3ad2-4b7b-8a0f-aac057e3d532,1067,productcategorysummary,,,"{""ShareEnabled"":""true""}",system,2022-08-30 21:38,,
19294873bfa04504b967cea6f1299b7c,0,dispatch,,[],"{""Group"":""DW"",""Type"":""Permanent"",""TimeTravelRetentionInDays"":""90"",""ShareName"":""A1SF_SHARE_\u003cenv_id\u003e_\u003ctenant_id\u003e"",""ShareEnabled"":""false""}",system,2022-06-22 21:55,2024-06-25 21:09,system
696e1081-1f43-11ed-afba-4201ac1b0fca,1031,c_customergroupmemberships,,,"{""Group"":""DW"",""Type"":""Permanent""}",system,2022-08-18 22:16,2023-10-12 17:04,
2462d6c8-308f-4f9e-a673-0936470d5d64,1033,promotiontypesummary,,,"{""ShareEnabled"":""true""}",system,2022-08-30 21:37,,
facd4477-ea21-45be-a4cb-98ba0610e515,1086,household,,,"{""ShareEnabled"":""true""}",system,2022-08-30 21:38,,
6f33c950-6bda-4b73-b979-273229bace3f,1071,ml_out_meta_clustering_evaluation,,,"{""ShareEnabled"":""true""}",system,2022-08-30 21:39,,
fc9e39d4b7b64057bf16bda24b2aef21,0,couponhistory,,[],"{""Availability"":""CONTENT"",""Group"":""DW"",""Type"":""Permanent"",""TimeTravelRetentionInDays"":""90"",""ShareName"":""A1SF_SHARE_\u003cenv_id\u003e_\u003ctenant_id\u003e"",""PartitionType"":""MARKED_COL"",""ShareEnabled"":""false""}",system,2022-06-22 21:55,2024-06-25 21:09,system
1ccb10daf0f44ce7b84b0223145f99d6,0,transactionitemmessagexref,,[],"{""Group"":""DW"",""Type"":""Permanent"",""TimeTravelRetentionInDays"":""90"",""ShareName"":""A1SF_SHARE_\u003cenv_id\u003e_\u003ctenant_id\u003e"",""ShareEnabled"":""false""}",system,2022-06-22 21:55,2024-06-25 21:09,system
dbb1c2b8673042208bd12bf1638ef153,0,productproperties,,[],"{""Group"":""DW"",""Type"":""Permanent"",""TimeTravelRetentionInDays"":""90"",""ShareName"":""A1SF_SHARE_\u003cenv_id\u003e_\u003ctenant_id\u003e"",""ShareEnabled"":""false""}",system,2022-06-22 21:55,2024-06-25 21:09,system
696e10cc-1f43-11ed-afba-4201ac1b0fca,1041,c_transactiontender,Transaction Tender,null,"{""Group"":""DW"",""ShareName"":""A1SF_SHARE_u003cenv_idu003e_u003ctenant_idu003e"",""Type"":""Permanent"",""ShareEnabled"":""true""}",system,2022-08-18 22:16,2022-08-30 21:36,system
5a029fd2-1eec-4549-aa88-33dbd59cf77a,1041,transactionitemmessagexref,,,"{""ShareEnabled"":""true""}",system,2022-08-30 21:36,,
6ab03865-ff75-45cc-b809-9e0d5a46b96c,1033,organizationsummary,,,"{""ShareEnabled"":""true""}",system,2022-08-30 21:37,,
265dab95-17a6-460e-929a-d574d8a4af29,10169,transactionpaymentmethodxref,,,"{""ShareEnabled"":""true""}",system,2022-08-30 21:38,2023-10-18 07:02,
2703075943254e85b40a5ecd6259270d,0,ml_out_meta_clustering_evaluation,,[],"{""Availability"":""CUBE,EXPORT"",""Group"":""ML"",""Type"":""Transient"",""ShareName"":""A1SF_SHARE_\u003cenv_id\u003e_\u003ctenant_id\u003e"",""ShareEnabled"":""false""}",system,2022-06-22 21:55,2024-06-25 21:09,system
05fa076e-bd16-446a-9817-cb3c11893a78,1041,ml_out_meta_likelihood_evaluation_metrics,,,"{""ShareEnabled"":""true""}",system,2022-08-30 21:36,,
8dd27cb5-be1e-42ac-8dbc-39bfcb55340e,1080,timesummary,,,"{""ShareEnabled"":""true""}",system,2022-08-30 21:37,,
410768fb-7ccc-4748-b9c3-cec4f628000c,1038,ml_out_meta_clustering_evaluation,,,"{""ShareEnabled"":""true""}",system,2022-08-30 21:38,,
2551b30c-773a-4d49-b263-d3fa1071c0c5,1071,couponhistory,,,"{""ShareEnabled"":""true""}",system,2022-08-30 21:39,,
e07774ee-4fb1-4e36-91aa-9659b707b682,1071,promotiontypesummary,,,"{""ShareEnabled"":""true""}",system,2022-08-30 21:39,,
39d5e046f04c4455a8cd6fd48c06f3f5,0,ml_out_mc_likelihood_lte_a,,[],"{""Availability"":""ML"",""Group"":""Unknown"",""Type"":""Transient"",""ShareName"":""A1SF_SHARE_\u003cenv_id\u003e_\u003ctenant_id\u003e"",""PartitionType"":""MARKED_COL"",""ShareEnabled"":""false""}",system,2022-06-22 21:55,2024-06-25 21:09,system
dc255bc920b34510be912da56173d6e1,0,mlpropensity,,[],"{""Availability"":""ML"",""Group"":""Unknown"",""Type"":""Transient"",""ShareName"":""A1SF_SHARE_\u003cenv_id\u003e_\u003ctenant_id\u003e"",""ShareEnabled"":""false""}",system,2022-06-22 21:55,2024-06-25 21:09,system
ace2d278-ccd7-4b9d-b51d-3129f7ce9f82,1089,mastercustomer,,,"{""ShareEnabled"":""true""}",system,2022-08-30 21:36,,
c5688a00628644efa714f8d7475f3fee,0,zipcloseststores,,[],"{""Group"":""BI"",""Type"":""Transient"",""ShareName"":""A1SF_SHARE_\u003cenv_id\u003e_\u003ctenant_id\u003e"",""ShareEnabled"":""false""}",system,2022-06-22 21:55,2024-06-25 21:09,system
cd9a0170-47a4-4eca-80ff-e0482a3a468b,1076,productcategoryxref,,,"{""ShareEnabled"":""true""}",system,2022-08-30 21:36,,
8e92899f-f099-4ea2-b20a-33c68142239e,10169,householdsummary,,,"{""ShareEnabled"":""true""}",system,2022-08-30 21:38,,
5871f921ee664a65931bd42ad5c6fe88,1031,c_breadfinancial,,,"{""Group"":""DW"",""Type"":""Permanent""}",corina.demeo@acquia.com,2023-06-14 16:35,2023-10-12 17:04,
696e115a-1f43-11ed-afba-4201ac1b0fca,1089,c_customerappend,Customer Append,"[""CONTENT"",""CAMPAIGN""]","{""Group"":""DW"",""ShareName"":""A1SF_SHARE_u003cenv_idu003e_u003ctenant_idu003e"",""Type"":""Permanent"",""ShareEnabled"":""true""}",system,2022-08-18 22:16,2022-08-30 21:36,system
d0ea2584-75c4-40bb-9de0-a4d8ed4e4cd9,1067,customerfirsttransactionproductcategory,,,"{""ShareEnabled"":""true""}",system,2022-08-30 21:38,,
85e4b6eb-38c3-4ca2-8a59-ae7d0b0a3942,1086,productcategoryxref,,,"{""ShareEnabled"":""true""}",system,2022-08-30 21:39,,
696e1193-1f43-11ed-afba-4201ac1b0fca,10169,c_customercctoken,,,"{""Group"":""DW"",""ShareEnabled"":""true"",""ShareName"":""A1SF_SHARE_u003cenv_idu003e_u003ctenant_idu003e"",""Type"":""Permanent""}",system,2022-08-18 22:16,2023-10-18 07:02,
42249c3d-fbc6-47a1-9fff-291a779b4289,1076,customerfirsttransactionproductcategory,,,"{""ShareEnabled"":""true""}",system,2022-08-30 21:36,,
3cd97782-27e4-4a64-a4e2-c4b9b493a611,10169,productcategorysummary,,,"{""ShareEnabled"":""true""}",system,2022-08-30 21:37,,
76a69e0b-8c59-41c1-908c-4d53c4533b5a,1071,timesummary,,,"{""ShareEnabled"":""true""}",system,2022-08-30 21:39,,
7d34ef39411541b4a933d0d62b532583,0,mlbrandclusteringinput,,[],"{""Availability"":""ML"",""Group"":""Unknown"",""Type"":""Transient"",""ShareName"":""A1SF_SHARE_\u003cenv_id\u003e_\u003ctenant_id\u003e"",""ShareEnabled"":""false""}",system,2022-06-22 21:55,2024-06-25 21:09,system
bc5a16b8-d2e8-4c07-ae32-5961c9ac4809,1089,transactionitemmessagexref,,,"{""ShareEnabled"":""true""}",system,2022-08-30 21:36,,
d68de1a0-3b3e-4d62-bb63-30b64e76d856,1033,ml_out_meta_likelihood_evaluation,,,"{""ShareEnabled"":""true""}",system,2022-08-30 21:37,,
2029967b-3529-4781-8c67-1d46726d527f,1086,organizationsummary,,,"{""ShareEnabled"":""true""}",system,2022-08-30 21:39,,
7fea1627be244969898948a3dfb35c25,0,transactionpaymentmethodxref,,[],"{""Availability"":""EXPORT"",""Group"":""DW"",""Type"":""Permanent"",""TimeTravelRetentionInDays"":""90"",""ShareName"":""A1SF_SHARE_\u003cenv_id\u003e_\u003ctenant_id\u003e"",""PartitionType"":""TIMESTAMP"",""ShareEnabled"":""false""}",system,2022-06-22 21:55,2024-06-25 21:09,system
696e10a4-1f43-11ed-afba-4201ac1b0fca,1033,c_tender,Tender,null,"{""Group"":""DW"",""ShareName"":""A1SF_SHARE_u003cenv_idu003e_u003ctenant_idu003e"",""Type"":""Permanent"",""ShareEnabled"":""true""}",system,2022-08-18 22:16,2022-08-30 21:37,system
35a67c41-b992-4648-9ea9-e48e26b1c7d9,1086,mastercustomer,,,"{""ShareEnabled"":""true""}",system,2022-08-30 21:38,,
ab49cd32-1229-4365-9cb8-febf5883124f,1089,ml_out_meta_regression_evaluation,,,"{""ShareEnabled"":""true""}",system,2022-08-30 21:36,,
7eee6890-d441-4bdd-a024-83c1da0de84e,1080,transactionsummary,,,"{""ShareEnabled"":""true""}",system,2022-08-30 21:37,,
135d787aafd443b4b10aaf7e2df9725f,0,ml_out_meta_cdp_metrics,,,"{""Availability"":""EXPORT,ML,CUBE"",""Group"":""ML"",""Type"":""Transient"",""ShareName"":""A1SF_SHARE_\u003cenv_id\u003e_\u003ctenant_id\u003e"",""ShareEnabled"":""false""}",system,2024-06-25 21:09,2024-06-25 21:09,system
607466fe57fb434aa914a4833dad2f79,0,customer,,[],"{""Availability"":""EXPORT"",""Group"":""DW"",""Type"":""Permanent"",""TimeTravelRetentionInDays"":""90"",""ShareName"":""A1SF_SHARE_\u003cenv_id\u003e_\u003ctenant_id\u003e"",""ShareEnabled"":""false""}",system,2022-06-22 21:55,2024-06-25 21:09,system
eaa069b8d1e848eb84e3753b12b29505,10171,c_unsdcountryregion,,,"{""Group"":""DW"",""Type"":""Permanent""}",lemuel.gomez@acquia.com,2023-06-20 10:14,2023-06-20 10:16,
4076fdcf-537e-4991-ac78-ffb755e55c17,10169,customeraddressxref,,,"{""ShareEnabled"":""true""}",system,2022-08-30 21:38,,
342e95d4-669c-4c17-9928-46af956f1c90,1038,transactionitemmessagexref,,,"{""ShareEnabled"":""true""}",system,2022-08-30 21:38,,
16e5b9312daf4bed8eec5323ff579c31,0,coupon,,[],"{""Availability"":""CONTENT"",""Group"":""DW"",""Type"":""Permanent"",""TimeTravelRetentionInDays"":""90"",""ShareName"":""A1SF_SHARE_\u003cenv_id\u003e_\u003ctenant_id\u003e"",""PartitionType"":""MARKED_COL"",""ShareEnabled"":""false""}",system,2022-06-22 21:55,2024-06-25 21:09,system
c4fec95b-4762-4c78-98be-aa5d4ca57dcb,1071,customerlasttransactionproductcategory,,,"{""ShareEnabled"":""true""}",system,2022-08-30 21:39,,
439b6eff-0725-45f6-9760-4f1cefbadd0d,1071,ml_out_meta_regression_evaluation,,,"{""ShareEnabled"":""true""}",system,2022-08-30 21:39,,
1c3bfab0633a4ad0bac9a48afe48dc73,0,productcategorysummary,,[],"{""Immutable"":""true"",""Availability"":""SUMMARY"",""Group"":""BI"",""Type"":""Transient"",""ShareName"":""A1SF_SHARE_\u003cenv_id\u003e_\u003ctenant_id\u003e"",""ShareEnabled"":""false""}",system,2022-06-22 21:55,2024-06-25 21:09,system
31e2f9a3-a76c-40e1-abcf-ac3ab631740e,10169,paymentmethod,,,"{""ShareEnabled"":""true""}",system,2022-08-30 21:38,,
0ca4d96c38a342848681b15bff9c5d11,0,campaign,,[],"{""Group"":""DW"",""Type"":""Permanent"",""TimeTravelRetentionInDays"":""90"",""ShareName"":""A1SF_SHARE_\u003cenv_id\u003e_\u003ctenant_id\u003e"",""ShareEnabled"":""false""}",system,2022-06-22 21:55,2024-06-25 21:09,system
564d57d1af8f4d608fbbd7209ef9cbbd,0,householdsummary,,[],"{""Immutable"":""true"",""Availability"":""SUMMARY,CONTENT,EXPORT"",""Group"":""BI"",""Type"":""Transient"",""ShareName"":""A1SF_SHARE_\u003cenv_id\u003e_\u003ctenant_id\u003e"",""ShareEnabled"":""false""}",system,2022-06-22 21:55,2024-06-25 21:09,system
696e1078-1f43-11ed-afba-4201ac1b0fca,1028,c_customercreditcardxref,Customer Credit Card XRef,null,"{""Group"":""DW"",""Type"":""Permanent""}",system,2022-08-18 22:16,2022-08-18 22:16,system
696e11e6-1f43-11ed-afba-4201ac1b0fca,10183,c_countrymap,Country Map,null,"{""Group"":""DW"",""Type"":""Permanent""}",system,2022-08-18 22:16,2022-08-18 22:16,system
f885913291c94d0cbfb475926d6f9476,10180,customer,,,"{""ShareEnabled"":""true""}",system,2023-01-10 09:20,2023-01-10 09:20,system
696e10b5-1f43-11ed-afba-4201ac1b0fca,1038,c_tender,Tender,null,"{""Group"":""DW"",""ShareName"":""A1SF_SHARE_u003cenv_idu003e_u003ctenant_idu003e"",""Type"":""Permanent"",""ShareEnabled"":""true""}",system,2022-08-18 22:16,2022-08-30 21:38,system
696e11e0-1f43-11ed-afba-4201ac1b0fca,10181,c_countrymap,Country Map,null,"{""Group"":""DW"",""Type"":""Permanent""}",system,2022-08-18 22:16,2022-08-18 22:16,system
b118209d-5359-4fc9-8630-dc018aaa361c,1038,organizationsummary,,,"{""ShareEnabled"":""true""}",system,2022-08-30 21:38,,
0ceaca32401248e9a773a05fa4ad9833,0,customersummary,,[],"{""Immutable"":""true"",""Availability"":""SUMMARY,CONTENT,EXPORT"",""Group"":""BI"",""Type"":""Transient"",""ShareName"":""A1SF_SHARE_\u003cenv_id\u003e_\u003ctenant_id\u003e"",""ShareEnabled"":""false""}",system,2022-06-22 21:55,2024-06-25 21:09,system
572a5dc8-1f43-11ed-afba-4201ac1b0fca,0,campaignhistory,Campaign History,null,"{""Group"":""Unknown"",""Type"":""Permanent"",""TimeTravelRetentionInDays"":""30""}",system,2022-08-18 22:16,2022-08-18 22:16,system
4d44aa4e-72ce-4d45-874d-3c27fdd3eee9,1089,timesummary,,,"{""ShareEnabled"":""true""}",system,2022-08-30 21:36,,
9904ca84-d590-49b6-b1f0-b05c8a852413,1041,customeraddressxref,,,"{""ShareEnabled"":""true""}",system,2022-08-30 21:36,,
108cba65c4154e858cf33d33c81c5b04,0,ml_out_mc_audiencebooster,,[],"{""Availability"":""ML"",""Group"":""ML"",""Type"":""Transient"",""ShareName"":""A1SF_SHARE_\u003cenv_id\u003e_\u003ctenant_id\u003e"",""PartitionType"":""MARKED_COL"",""ShareEnabled"":""false""}",system,2022-06-22 21:55,2024-06-25 21:09,system
0f69d75fb64946f99913fc4fd9308014,0,customeraddressxref,,[],"{""Availability"":""EXPORT"",""Group"":""DW"",""Type"":""Permanent"",""TimeTravelRetentionInDays"":""90"",""ShareName"":""A1SF_SHARE_\u003cenv_id\u003e_\u003ctenant_id\u003e"",""ShareEnabled"":""false""}",system,2022-06-22 21:55,2024-06-25 21:09,system
696e11d1-1f43-11ed-afba-4201ac1b0fca,10179,c_customerappend,,,"{""Group"":""DW"",""ShareEnabled"":""true"",""ShareName"":""A1SF_SHARE_u003cenv_idu003e_u003ctenant_idu003e"",""Type"":""Permanent""}",system,2022-08-18 22:16,2023-01-10 06:16,
8edf2925-e53d-49fc-b0ed-9acccd3f70b1,1086,transactionitemmessagexref,,,"{""ShareEnabled"":""true""}",system,2022-08-30 21:38,,
fb84dfdae2244761bb553ee81cf0314c,0,webtouch,,[],"{""Group"":""Unknown"",""Type"":""Transient"",""ShareName"":""A1SF_SHARE_\u003cenv_id\u003e_\u003ctenant_id\u003e"",""PartitionType"":""TIMESTAMP"",""ShareEnabled"":""false""}",system,2022-06-22 21:55,2024-06-25 21:09,system
82b080af-2105-483c-827a-343ed7e6c44f,1080,ml_out_meta_likelihood_evaluation_metrics,,,"{""ShareEnabled"":""true""}",system,2022-08-30 21:37,,
69c7400d-d2c7-4f36-8716-64c697c5ef9f,1033,transactionitemmessagexref,,,"{""ShareEnabled"":""true""}",system,2022-08-30 21:37,,
416ee86a-6d88-4af9-b2f7-91df48e39394,1067,ml_out_meta_likelihood_evaluation,,,"{""ShareEnabled"":""true""}",system,2022-08-30 21:38,,
17fb2e36-02f2-11ed-afba-4201ac1b0fca,1078,c_vendor,c_vendor,null,"{""Group"":""Unknown"",""Type"":""Transient""}",system,2022-07-13 21:23,2022-07-13 21:23,system
696e10da-1f43-11ed-afba-4201ac1b0fca,1041,c_tender,Tender,null,"{""Group"":""DW"",""ShareName"":""A1SF_SHARE_u003cenv_idu003e_u003ctenant_idu003e"",""Type"":""Permanent"",""ShareEnabled"":""true""}",system,2022-08-18 22:16,2022-08-30 21:36,system
5f5df583-19f6-4891-88c4-42569d67fca5,1089,household,,,"{""ShareEnabled"":""true""}",system,2022-08-30 21:36,,
09c31a11-678e-42b7-a497-3aff36175c87,1033,ml_out_meta_regression_evaluation_metrics,,,"{""ShareEnabled"":""true""}",system,2022-08-30 21:37,,
a00b55ab-4793-4a38-8f65-dcf17655a488,10169,organizationsummary,,,"{""ShareEnabled"":""true""}",system,2022-08-30 21:38,,
a8589da8143e449a968edb9161f69be9,10180,transactionpaymentmethodxref,,,"{""ShareEnabled"":""true""}",system,2023-01-10 09:20,2023-01-10 09:20,system
7eb4e45d-2188-4c4f-b287-b4b6a0aabbc0,1076,audiencehistory,,,"{""ShareEnabled"":""true""}",system,2022-08-30 21:37,,
2195bc62dca8447d95e80c6d82704daf,10179,address,,,"{""ShareEnabled"":""true""}",system,2023-01-10 06:16,2023-01-10 06:16,system
aaa42ddc-1722-49b1-8996-3f74cac931ff,1033,householdsummary,,,"{""ShareEnabled"":""true""}",system,2022-08-30 21:37,,
d575f20e40c547809dbd7773f7dea57f,10175,transactionitemmessagexref,,,"{""ShareEnabled"":""true""}",system,2022-09-30 05:03,2023-05-18 17:44,
21cba833618f4b65a32c19ef8750cf04,0,householdlasttransactionproductcategory,,[],"{""Group"":""BI"",""Type"":""Transient"",""ShareName"":""A1SF_SHARE_\u003cenv_id\u003e_\u003ctenant_id\u003e"",""ShareEnabled"":""false""}",system,2022-06-22 21:55,2024-06-25 21:09,system
ed2dfb7cd44943d0b4937cb87d46bb5a,0,timesummary,,[],"{""Availability"":""SUMMARY"",""Group"":""BI"",""Type"":""Transient"",""ShareName"":""A1SF_SHARE_\u003cenv_id\u003e_\u003ctenant_id\u003e"",""ShareEnabled"":""false""}",system,2022-06-22 21:55,2024-06-25 21:09,system
c7491d34-514e-44a8-85db-f8bcfdf66b24,1067,transactionmessagexref,,,"{""ShareEnabled"":""true""}",system,2022-08-30 21:38,,
63dc143b-1f43-11ed-afba-4201ac1b0fca,0,mlrecommendations,Machine Learning - Recommendations,[],"{""Group"":""Unknown"",""Type"":""Transient""}",system,2022-08-18 22:16,2022-08-18 22:16,system
6554169d-4135-44bd-8fd7-0e456c6869a4,1089,transactionpaymentmethodxref,,,"{""ShareEnabled"":""true""}",system,2022-08-30 21:36,,
570405c3-baeb-44d6-85a3-67290ce197c7,1089,ml_out_meta_clustering_evaluation,,,"{""ShareEnabled"":""true""}",system,2022-08-30 21:36,,
ff785f20-35ed-4e09-97e5-f91e28045e8c,1041,productcategoryxref,,,"{""ShareEnabled"":""true""}",system,2022-08-30 21:36,,
dbd62ddb-bcf4-424f-b272-0a2f67b27120,1038,mastercustomer,,,"{""ShareEnabled"":""true""}",system,2022-08-30 21:38,,
ab0d6893-eb63-4342-a58c-8cc4966f71aa,1071,productcategorysummary,,,"{""ShareEnabled"":""true""}",system,2022-08-30 21:39,,
868aa3d9a8f34d2abd60c12a0ce2e70f,0,transactionmessagexref,,[],"{""Group"":""DW"",""Type"":""Permanent"",""TimeTravelRetentionInDays"":""90"",""ShareName"":""A1SF_SHARE_\u003cenv_id\u003e_\u003ctenant_id\u003e"",""ShareEnabled"":""false""}",system,2022-06-22 21:55,2024-06-25 21:09,system
e5bd15a46a344835a2e95e0f6f9ef8c3,0,vtovrecommendations,,[],"{""Group"":""Unknown"",""Type"":""Transient"",""ShareName"":""A1SF_SHARE_\u003cenv_id\u003e_\u003ctenant_id\u003e"",""ShareEnabled"":""false""}",system,2022-06-22 21:55,2024-06-25 21:09,system
696e10ec-1f43-11ed-afba-4201ac1b0fca,1067,c_bin,Bin," [""CUBE"",""PII"",""API"",""CAMPAIGN"",""EXPORT"",""CONTENT""] ","{""Group"":""DW"",""ShareName"":""A1SF_SHARE_u003cenv_idu003e_u003ctenant_idu003e"",""Type"":""Permanent"",""ShareEnabled"":""true""}",system,2022-08-18 22:16,2022-08-30 21:38,system
696e119a-1f43-11ed-afba-4201ac1b0fca,10169,c_customerchangehistory,,,"{""Group"":""DW"",""ShareEnabled"":""true"",""ShareName"":""A1SF_SHARE_u003cenv_idu003e_u003ctenant_idu003e"",""Type"":""Permanent""}",system,2022-08-18 22:16,2023-10-18 07:02,
e43554cd71ff4e35886c201cdf49dd08,0,productcategory,,[],"{""Availability"":""EXPORT"",""Group"":""DW"",""Type"":""Permanent"",""TimeTravelRetentionInDays"":""90"",""ShareName"":""A1SF_SHARE_\u003cenv_id\u003e_\u003ctenant_id\u003e"",""ShareEnabled"":""false""}",system,2022-06-22 21:55,2024-06-25 21:09,system
5e274faadff74c1f840e88b97f577b05,0,zipdemographics,,[],"{""Group"":""DW"",""Type"":""Permanent"",""TimeTravelRetentionInDays"":""90"",""ShareName"":""A1SF_SHARE_\u003cenv_id\u003e_\u003ctenant_id\u003e"",""ShareEnabled"":""false""}",system,2022-06-22 21:55,2024-06-25 21:09,system
a68f554c-e757-4097-bd16-73f7955229df,1076,promotiontypesummary,,,"{""ShareEnabled"":""true""}",system,2022-08-30 21:36,2023-01-09 20:32,
bf8b5618-9b22-4b59-913b-739569c7e680,1076,address,,,"{""ShareEnabled"":""true""}",system,2022-08-30 21:37,2024-02-01 19:58,
6b2a639b-da58-41ef-8647-a23642e53220,1031,productcategorysummary,,,"{""ShareEnabled"":""true""}",system,2022-08-30 21:37,,
5682fa8a-d58a-4f56-840d-12cb65c96a3f,1031,transactionitemmessagexref,,,"{""ShareEnabled"":""true""}",system,2022-08-30 21:37,2024-01-03 13:33,
145fe7fd-f13d-4ede-b7d6-8a19f0de7ccf,1089,ml_out_meta_likelihood_evaluation_metrics,,,"{""ShareEnabled"":""true""}",system,2022-08-30 21:36,,
1c0fe750-3f00-4968-909d-599044033834,1041,ml_out_meta_regression_evaluation_metrics,,,"{""ShareEnabled"":""true""}",system,2022-08-30 21:36,,
0f559b9f-f7a2-45ef-bd5b-0a5d577a9c55,1076,householdsummary,,,"{""ShareEnabled"":""true""}",system,2022-08-30 21:36,,
55e693ed-f21e-4ca6-9ea9-dac17b08faa2,1076,customeraddressxref,,,"{""ShareEnabled"":""true""}",system,2022-08-30 21:36,,
696e10f4-1f43-11ed-afba-4201ac1b0fca,1067,c_tender,Tender,null,"{""Group"":""DW"",""ShareName"":""A1SF_SHARE_u003cenv_idu003e_u003ctenant_idu003e"",""Type"":""Permanent"",""ShareEnabled"":""true""}",system,2022-08-18 22:16,2022-08-30 21:38,system
696e11b0-1f43-11ed-afba-4201ac1b0fca,10169,c_rfmrankpriority,,,"{""Group"":""DW"",""ShareEnabled"":""true"",""ShareName"":""A1SF_SHARE_u003cenv_idu003e_u003ctenant_idu003e"",""Type"":""Permanent""}",system,2022-08-18 22:16,2023-10-18 07:02,
696e113a-1f43-11ed-afba-4201ac1b0fca,1076,c_bin,Bin,null,"{""Group"":""DW"",""ShareName"":""A1SF_SHARE_u003cenv_idu003e_u003ctenant_idu003e"",""Type"":""Permanent"",""ShareEnabled"":""true""}",system,2022-08-18 22:16,2022-08-30 21:36,system
5c55e91f-1bd8-447f-902d-5195a9dc238e,1080,ml_out_meta_regression_evaluation_metrics,,,"{""ShareEnabled"":""true""}",system,2022-08-30 21:37,,
48eb42c494af4305845a120788c57818,10179,event,,,"{""ShareEnabled"":""true""}",system,2023-01-10 06:16,2023-01-10 06:16,system
16123506974a40bfa0b64e23e5f5d9cb,0,productcategoryflattened,,[],"{""Immutable"":""true"",""Group"":""BI"",""Type"":""Transient"",""ShareName"":""A1SF_SHARE_\u003cenv_id\u003e_\u003ctenant_id\u003e"",""ShareEnabled"":""false""}",system,2022-06-22 21:55,2024-06-25 21:09,system
696e10c2-1f43-11ed-afba-4201ac1b0fca,1038,c_transactiontender,Transaction Tender,null,"{""Group"":""DW"",""ShareName"":""A1SF_SHARE_u003cenv_idu003e_u003ctenant_idu003e"",""Type"":""Permanent"",""ShareEnabled"":""true""}",system,2022-08-18 22:16,2022-08-30 21:38,system
e9c8e6f4-708a-44c7-a950-1b81880da2ff,10169,audiencehistory,,,"{""ShareEnabled"":""true""}",system,2022-08-30 21:38,,
438e8c708c284288be7b901764843897,10169,c_orderorigin,,,"{""Group"":""DW"",""Type"":""Permanent""}",corina.demeo@acquia.com,2023-05-02 21:23,2023-10-18 07:03,
1e2867e26ace408fb407a81fcbc5bf67,0,subscription,,[],"{""Group"":""DW"",""Type"":""Permanent"",""TimeTravelRetentionInDays"":""90"",""ShareName"":""A1SF_SHARE_\u003cenv_id\u003e_\u003ctenant_id\u003e"",""ShareEnabled"":""false""}",system,2022-06-22 21:55,2024-06-25 21:09,system
f3da3c35b4ff4b12adf401383d2695ad,0,mlbranddna,,[],"{""Availability"":""ML"",""Group"":""Unknown"",""Type"":""Transient"",""ShareName"":""A1SF_SHARE_\u003cenv_id\u003e_\u003ctenant_id\u003e"",""ShareEnabled"":""false""}",system,2022-06-22 21:55,2024-06-25 21:09,system
696e1148-1f43-11ed-afba-4201ac1b0fca,1076,c_tender,Tender,null,"{""Group"":""DW"",""ShareName"":""A1SF_SHARE_u003cenv_idu003e_u003ctenant_idu003e"",""Type"":""Permanent"",""ShareEnabled"":""true""}",system,2022-08-18 22:16,2022-08-30 21:36,system
a59accc738b64a4f861c0e9427c442ef,0,householdfirsttransactionproductcategory,,[],"{""Group"":""BI"",""Type"":""Transient"",""ShareName"":""A1SF_SHARE_\u003cenv_id\u003e_\u003ctenant_id\u003e"",""ShareEnabled"":""false""}",system,2022-06-22 21:55,2024-06-25 21:09,system
df95e7622cc948ae8469c69b72f5f626,0,address,,[],"{""Availability"":""EXPORT"",""Group"":""DW"",""Type"":""Permanent"",""TimeTravelRetentionInDays"":""90"",""ShareName"":""A1SF_SHARE_\u003cenv_id\u003e_\u003ctenant_id\u003e"",""ShareEnabled"":""false""}",system,2022-06-22 21:55,2024-06-25 21:09,system
696e11f6-1f43-11ed-afba-4201ac1b0fca,10185,c_countrymap,Country Map,null,"{""Group"":""DW"",""Type"":""Permanent""}",system,2022-08-18 22:16,2022-08-18 22:16,system
511a0eb449eb448eaef1c96e9dbb29a2,0,mlrecoobservations,,[],"{""Availability"":""ML"",""Group"":""Unknown"",""Type"":""Transient"",""ShareName"":""A1SF_SHARE_\u003cenv_id\u003e_\u003ctenant_id\u003e"",""ShareEnabled"":""false""}",system,2022-06-22 21:55,2024-06-25 21:09,system
006eb2317b434980952e576bc628deee,0,utoprecommendations,,[],"{""Availability"":""EXPORT"",""Group"":""Unknown"",""Type"":""Transient"",""ShareName"":""A1SF_SHARE_\u003cenv_id\u003e_\u003ctenant_id\u003e"",""ShareEnabled"":""false""}",system,2022-06-22 21:55,2024-06-25 21:09,system
2b9a608a-e287-4146-9b10-39c724bb2086,1086,customerlasttransactionproductcategory,,,"{""ShareEnabled"":""true""}",system,2022-08-30 21:39,,
9c72b476cecb4813b8149d5ab1b0d624,0,mastercustomergroupsummary,,[],"{""Availability"":""SUMMARY,CONTENT,EXPORT"",""Group"":""BI"",""Type"":""Transient"",""ShareName"":""A1SF_SHARE_\u003cenv_id\u003e_\u003ctenant_id\u003e"",""ShareEnabled"":""false""}",system,2022-06-22 21:55,2024-06-25 21:09,system
a33a30cd8305417eba2f112208c07cb2,0,promotioncampaignxref,,[],"{""Group"":""DW"",""Type"":""Permanent"",""TimeTravelRetentionInDays"":""90"",""ShareName"":""A1SF_SHARE_\u003cenv_id\u003e_\u003ctenant_id\u003e"",""ShareEnabled"":""false""}",system,2022-06-22 21:55,2024-06-25 21:09,system
696e1089-1f43-11ed-afba-4201ac1b0fca,1033,c_dateattributes,Date Attributes,null,"{""Group"":""DW"",""Type"":""Permanent""}",system,2022-08-18 22:16,2022-08-18 22:16,system
696e1132-1f43-11ed-afba-4201ac1b0fca,1075,c_associate,associate,null,"{""Group"":""Unknown"",""Type"":""Transient""}",system,2022-08-18 22:16,2022-08-18 22:16,system
d61d7ea5-68ca-4d58-95ea-40602facaeb5,1067,mastercustomer,,,"{""ShareEnabled"":""true""}",system,2022-08-30 21:38,,
c0febfb4-955e-4a12-9cdf-2d5ffa7e74f6,1086,paymentmethod,,,"{""ShareEnabled"":""true""}",system,2022-08-30 21:38,2024-04-25 09:35,
696e1172-1f43-11ed-afba-4201ac1b0fca,10114,c_technology,Technology,"[""API"",""EXPORT"",""CONTENT"",""CAMPAIGN""]","{""Group"":""DW"",""Type"":""Permanent""}",system,2022-08-18 22:16,2022-08-18 22:16,system
96060501-ebc8-420a-8bd3-3731b015d91f,10169,ml_out_meta_regression_evaluation_metrics,,,"{""ShareEnabled"":""true""}",system,2022-08-30 21:38,,
d77c2d46-cedb-49fa-9f5e-b289e279d95e,1089,productcategoryxref,,,"{""ShareEnabled"":""true""}",system,2022-08-30 21:36,,
beae2ea0-bf14-46a9-8617-9b0b270e35d1,1038,household,,,"{""ShareEnabled"":""true""}",system,2022-08-30 21:38,,
9301fc70-8f1c-478b-805e-e69d3a3f21cd,1071,productcategoryxref,,,"{""ShareEnabled"":""true""}",system,2022-08-30 21:39,,
52edafe5-f38f-45aa-a1f6-fdf3e4f78033,1080,customerlasttransactionproductcategory,,,"{""ShareEnabled"":""true""}",system,2022-08-30 21:37,,
606fbe9a-c231-49eb-9071-abc577e476fc,10169,customerfirsttransactionproductcategory,,,"{""ShareEnabled"":""true""}",system,2022-08-30 21:37,,
cf5efa38-ab92-40e4-aa39-22a7e1513b91,1038,address,,,"{""ShareEnabled"":""true""}",system,2022-08-30 21:38,2024-04-09 16:48,
ac57e5ef-e31c-448a-9b8b-47d9c0da76a8,1071,customeraddressxref,,,"{""ShareEnabled"":""true""}",system,2022-08-30 21:39,,
24b00400-ed35-4351-823f-a2616ebc980b,1041,ml_out_meta_clustering_evaluation,,,"{""ShareEnabled"":""true""}",system,2022-08-30 21:36,,
11064ddc-c39d-4652-98e5-2a9e79af2e9c,1031,customerfirsttransactionproductcategory,,,"{""ShareEnabled"":""true""}",system,2022-08-30 21:37,,
108346a16ce04ed7a4336153e668afda,0,promotiontypesummary,,[],"{""Immutable"":""true"",""Availability"":""SUMMARY"",""Group"":""BI"",""Type"":""Transient"",""ShareName"":""A1SF_SHARE_\u003cenv_id\u003e_\u003ctenant_id\u003e"",""ShareEnabled"":""false""}",system,2022-06-22 21:55,2024-06-25 21:09,system
